<?xml version="1.0"?>
<item><title><![CDATA[Inicio del blog]]></title><slug><![CDATA[inicio-del-blog]]></slug><date><![CDATA[Thu, 01 Jan 1970 01:00:04 +0100]]></date><private><![CDATA[]]></private><tags><![CDATA[personal,blog]]></tags><category><![CDATA[personal]]></category><content><![CDATA[&lt;p&gt;
	Inicio del blogInicio del blogInicio del blogInicio del blogInicio del blogInicio del blogInicio del blogInicio del blogInicio del blogInicio del blogInicio del blogInicio del blogInicio del blogInicio del blogInicio del blogInicio del blogInicio del blogInicio del blogInicio del blogInicio del blogInicio del blogInicio del blog.&lt;/p&gt;
]]></content><excerpt><![CDATA[]]></excerpt><thumbnail><![CDATA[]]></thumbnail></item>
