<?xml version="1.0"?>
<item><title><![CDATA[Programación PHP]]></title><slug><![CDATA[programacion-php]]></slug><date><![CDATA[Wed, 23 May 2012 16:39:26 +0200]]></date><private><![CDATA[]]></private><tags><![CDATA[]]></tags><category><![CDATA[php]]></category><content><![CDATA[&lt;p&gt;
	Lorem ipsum dolor sit amet, e&lt;strong&gt;st no quodsi fastidii, doming incorrupte id sed. Utroque consetetur ea ius, deleniti volutpat convenire cu quo. Sed ei po&lt;/strong&gt;ssim prodesset, te usu iudico tamquam pertinax. Te prae&lt;/p&gt;
&lt;p&gt;
	&lt;img alt=&quot;&quot; src=&quot;http://fran.cloudns.org/data/thumbs/thumbnail.wilsonblxbladeteam-1.jpg&quot; style=&quot;float: right; width: 200px; height: 117px; &quot; /&gt;&lt;/p&gt;
&lt;p&gt;
	sent suscipiantur quo. Decore labore vel ea, sit oblique delicatissimi interpretaris ut.&lt;/p&gt;
&lt;p&gt;
	Errem omnium admodum eam id, sed regione invidunt pertinacia no, ut alii aeque soleat&lt;/p&gt;
&lt;br /&gt;
&lt;div&gt;
	&lt;br /&gt;
	&lt;p&gt;
		&amp;nbsp;ius. Cu feugiat insolens quaestio duo. No vidit patrioque scriptorem cum, dolorum verterem an pro. Est sale urbanitas et, populo oporteat no cum.&lt;/p&gt;
	Pro ne movet eripuit concludaturque, an pro alia detraxit. No sea malis dicit, eum interesset instructior an, at cum utamur ancillae interesset. Facete repudiare similique duo et, mel principes sadipscing ea. Mazim volumus vim et. Eu nec minimum suscipit petentium, postea concludaturque id cum. Aeque constituam ut vix, vix elitr inimicus ea, erat laboramus vix et.&lt;/div&gt;
&lt;p&gt;
	&amp;nbsp;&lt;/p&gt;
]]></content><excerpt><![CDATA[]]></excerpt><thumbnail><![CDATA[]]></thumbnail></item>
