<?xml version="1.0" encoding="UTF-8"?>
<item><pubDate>Wed, 23 May 2012 15:34:57 +0200</pubDate><title><![CDATA[Contacto]]></title><url><![CDATA[contacto]]></url><meta><![CDATA[contacto]]></meta><metad><![CDATA[]]></metad><menu><![CDATA[Contacto]]></menu><menuOrder><![CDATA[3]]></menuOrder><menuStatus><![CDATA[Y]]></menuStatus><template><![CDATA[template.php]]></template><parent><![CDATA[]]></parent><content><![CDATA[&lt;p&gt;
	Formulario de contacto.&lt;/p&gt;
&lt;p&gt;
	&lt;a href=&quot;http://fran.cloudns.org/enlace-interno/&quot;&gt;enlace-interno&lt;/a&gt;&lt;/p&gt;
&lt;p&gt;
	&amp;nbsp;&lt;/p&gt;
&lt;p&gt;
	&lt;img alt=&quot;&quot; src=&quot;http://fran.cloudns.org/data/thumbs/thumbnail.wilsonblxbladeteam-1.jpg&quot; style=&quot;width: 200px; height: 117px; &quot; /&gt;&lt;/p&gt;
&lt;p&gt;
	&amp;nbsp;&lt;/p&gt;
&lt;p&gt;
	&lt;img alt=&quot;&quot; src=&quot;http://fran.cloudns.org/data/uploads/wilsonblxbladeteam-1.jpg&quot; style=&quot;width: 768px; height: 450px; &quot; /&gt;&lt;/p&gt;
]]></content><private><![CDATA[]]></private><author><![CDATA[fran]]></author></item>
