<?xml version="1.0" encoding="UTF-8"?>
<item><pubDate>Wed, 16 May 2012 20:30:39 +0200</pubDate><title><![CDATA[Enlace interno]]></title><url><![CDATA[enlace-interno]]></url><meta><![CDATA[]]></meta><metad><![CDATA[]]></metad><menu><![CDATA[Enlace interno]]></menu><menuOrder><![CDATA[0]]></menuOrder><menuStatus><![CDATA[]]></menuStatus><template><![CDATA[template.php]]></template><parent><![CDATA[contacto]]></parent><content><![CDATA[&lt;p&gt;
	Pagina sin menu, se accede desde otra.&lt;/p&gt;
]]></content><private><![CDATA[]]></private><author><![CDATA[fran]]></author></item>
