<?xml version="1.0" encoding="UTF-8"?>
<item><pubDate>Wed, 23 May 2012 16:53:06 +0200</pubDate><title><![CDATA[Bienvenido a mi servidor]]></title><url><![CDATA[index]]></url><meta><![CDATA[fran]]></meta><metad><![CDATA[]]></metad><menu><![CDATA[Inicio]]></menu><menuOrder><![CDATA[1]]></menuOrder><menuStatus><![CDATA[Y]]></menuStatus><template><![CDATA[homePage.php]]></template><parent><![CDATA[]]></parent><content><![CDATA[&lt;p&gt;
	Esta es mi primera pagina en mi servidor &lt;em&gt;&lt;strong&gt;VPS &lt;/strong&gt;&lt;/em&gt;de &lt;strong&gt;Host1Free&lt;/strong&gt;.&lt;/p&gt;
]]></content><private><![CDATA[]]></private><author><![CDATA[fran]]></author></item>
