<?xml version="1.0" encoding="UTF-8"?>
<item><pubDate>Thu, 14 Jun 2012 19:46:30 +0200</pubDate><title><![CDATA[otra pagina]]></title><url><![CDATA[otra-pagina]]></url><meta><![CDATA[]]></meta><metad><![CDATA[]]></metad><menu><![CDATA[Opcion]]></menu><menuOrder><![CDATA[2]]></menuOrder><menuStatus><![CDATA[Y]]></menuStatus><template><![CDATA[fullPage.php]]></template><parent><![CDATA[]]></parent><content><![CDATA[&lt;p&gt;
	&lt;a href=&quot;http://fran.cloudns.org/pagina-2/&quot;&gt;pagina-2&lt;/a&gt;&lt;/p&gt;
&lt;p&gt;
	&lt;strong&gt;Extend Repository&amp;nbsp;&amp;nbsp;&lt;/strong&gt;&lt;/p&gt;
&lt;p&gt;
	Top Rated Files&lt;br /&gt;
	I18N Search Plugin 4.9/5&lt;br /&gt;
	Share 5+ Plugin 4.9/5&lt;br /&gt;
	&lt;em&gt;Front-End User Login Plugin 4.9/5&lt;/em&gt;&lt;br /&gt;
	I18N Gallery Plugin 4.8/5&lt;br /&gt;
	vtbfree-4 Theme 4.7/5&lt;br /&gt;
	I18N Plugin 4.7/5&lt;br /&gt;
	Theme &lt;u&gt;Highlighter &lt;/u&gt;Plugin 4.7/5&lt;br /&gt;
	Most Downloaded&lt;br /&gt;
	News Manager Plugin 11,864&lt;br /&gt;
	I18N Plugin 11,760&lt;br /&gt;
	I18N Gallery Plugin 9,704&lt;br /&gt;
	p01-contact Plugin 6,897&lt;br /&gt;
	I18N Search Plugin 6,123&lt;/p&gt;
&lt;ul&gt;
	&lt;li&gt;
		GSgallery (Simple Image... Plugin 5,670&lt;/li&gt;
	&lt;li&gt;
		Multi User Plugin 5,210&lt;/li&gt;
	&lt;li&gt;
		Recently Updated Files&lt;/li&gt;
	&lt;li&gt;
		Danish gs_blog plugin... Plugin Language v1.3 - 5/22&lt;/li&gt;
&lt;/ul&gt;
&lt;p&gt;
	SA Development Suite Plugin v0.4 - 5/19&lt;br /&gt;
	GS Blog Plugin v1.1.1 - 5/18&lt;br /&gt;
	Danish User-vCard language... Plugin Language v1.0 - 5/16&lt;br /&gt;
	Danish metarobots 1.0... Plugin Language v1.0 - 5/16&lt;br /&gt;
	Link Manager Danish... Plugin Language v1.2 - 5/16&lt;/p&gt;
&lt;ol&gt;
	&lt;li&gt;
		Danish FAQ plugin language... Plugin Language v1.1 - 5/16&lt;/li&gt;
	&lt;li&gt;
		Recent Plugin Languagesview all&lt;/li&gt;
	&lt;li&gt;
		Danish gs_blog plugin...v1.3 - 5/22&lt;/li&gt;
	&lt;li&gt;
		Danish User-vCard language...v1.0 - 5/16&lt;/li&gt;
	&lt;li&gt;
		Danish metarobots 1.0...v1.0 - 5/16&lt;/li&gt;
&lt;/ol&gt;
&lt;p style=&quot;text-align: center; &quot;&gt;
	Link Manager Danish...v1.2 - 5/16&lt;br /&gt;
	Danish FAQ plugin language...v1.1 - 5/16&lt;br /&gt;
	Danish mld-newsletter...v1.1 - 5/15&lt;br /&gt;
	Danish Google Map Pluginv1.0 - 5/12&lt;br /&gt;
	Newest Pluginsview all&lt;br /&gt;
	GS Blog 5/18&lt;br /&gt;
	Piwik stats plugin 5/2&lt;br /&gt;
	Online Visitors 4/24&lt;br /&gt;
	user-lock 4/23&lt;br /&gt;
	User vCard 4/16&lt;br /&gt;
	Pages &amp;amp; Comments 4/11&lt;br /&gt;
	Thajax 4/8&lt;br /&gt;
	Newest Themes&amp;nbsp;&amp;nbsp; view all&lt;br /&gt;
	My Restaurant by CPI 5/13&lt;br /&gt;
	Light 5/12&lt;br /&gt;
	AcidMind 5/6&lt;br /&gt;
	Beach theme&lt;/p&gt;
]]></content><private><![CDATA[]]></private><author><![CDATA[fran]]></author></item>
