<?xml version="1.0" encoding="UTF-8"?>
<item><pubDate>Thu, 14 Jun 2012 19:44:45 +0200</pubDate><title><![CDATA[pagina 2]]></title><url><![CDATA[pagina-2]]></url><meta><![CDATA[]]></meta><metad><![CDATA[]]></metad><menu><![CDATA[]]></menu><menuOrder><![CDATA[0]]></menuOrder><menuStatus><![CDATA[]]></menuStatus><template><![CDATA[template.php]]></template><parent><![CDATA[]]></parent><content><![CDATA[&lt;p&gt;
	pagina 2&lt;/p&gt;
]]></content><private><![CDATA[]]></private><author><![CDATA[fran]]></author></item>
