<?xml version="1.0" encoding="UTF-8"?>
<channel><item><slug><![CDATA[cena-panni-vanyo-je-aci]]></slug><title><![CDATA[Céna pañní ványó je ací]]></title><date><![CDATA[Wed, 23 May 2012 15:59:43 +0200]]></date><tags><![CDATA[]]></tags><private><![CDATA[]]></private></item><item><slug><![CDATA[parlar-apprende-un-sed]]></slug><title><![CDATA[Parlar apprende un sed]]></title><date><![CDATA[Wed, 23 May 2012 15:58:18 +0200]]></date><tags><![CDATA[]]></tags><private><![CDATA[]]></private></item><item><slug><![CDATA[lorem-ipsum]]></slug><title><![CDATA[Lorem ipsum]]></title><date><![CDATA[Mon, 23 Apr 2012 15:55:00 +0200]]></date><tags><![CDATA[]]></tags><private><![CDATA[]]></private></item></channel>
