<?xml version="1.0"?>
<item><blogurl>blog</blogurl><lang>en_US</lang><excerptlength>350</excerptlength><postformat>Y</postformat><postperpage>8</postperpage><recentposts>4</recentposts><prettyurls></prettyurls><autoimporter>N</autoimporter><autoimporterpass>passphrase</autoimporterpass><displaytags>Y</displaytags><rsstitle>Blog Fran</rsstitle><rssdescription>El blog de Fran</rssdescription><comments>N</comments><disqusshortname></disqusshortname><disquscount>N</disquscount><sharethis>N</sharethis><sharethisid></sharethisid><addthis>N</addthis><addthisid></addthisid><addata>																											</addata><allpostsadtop>N</allpostsadtop><allpostsadbottom>N</allpostsadbottom><postadtop>N</postadtop><postadbottom>N</postadbottom><postthumbnail>N</postthumbnail></item>
