<?xml version="1.0"?>
<channel><item><url>noticias</url><pubDate><![CDATA[Wed, 23 May 2012 16:50:58 +0200]]></pubDate><title><![CDATA[Noticias]]></title><url><![CDATA[noticias]]></url><meta><![CDATA[]]></meta><metad><![CDATA[]]></metad><menu><![CDATA[Noticias]]></menu><menuOrder><![CDATA[15]]></menuOrder><menuStatus><![CDATA[Y]]></menuStatus><template><![CDATA[news.php]]></template><parent><![CDATA[]]></parent><private><![CDATA[]]></private><author><![CDATA[fran]]></author><slug><![CDATA[noticias]]></slug><filename><![CDATA[noticias.xml]]></filename></item><item><url>otra-pagina</url><pubDate><![CDATA[Thu, 14 Jun 2012 19:46:30 +0200]]></pubDate><title><![CDATA[otra pagina]]></title><url><![CDATA[otra-pagina]]></url><meta><![CDATA[]]></meta><metad><![CDATA[]]></metad><menu><![CDATA[Opcion]]></menu><menuOrder><![CDATA[2]]></menuOrder><menuStatus><![CDATA[Y]]></menuStatus><template><![CDATA[fullPage.php]]></template><parent><![CDATA[]]></parent><private><![CDATA[]]></private><author><![CDATA[fran]]></author><slug><![CDATA[otra-pagina]]></slug><filename><![CDATA[otra-pagina.xml]]></filename></item><item><url>pagina-2</url><pubDate><![CDATA[Thu, 14 Jun 2012 19:44:45 +0200]]></pubDate><title><![CDATA[pagina 2]]></title><url><![CDATA[pagina-2]]></url><meta><![CDATA[]]></meta><metad><![CDATA[]]></metad><menu><![CDATA[]]></menu><menuOrder><![CDATA[0]]></menuOrder><menuStatus><![CDATA[]]></menuStatus><template><![CDATA[template.php]]></template><parent><![CDATA[]]></parent><private><![CDATA[]]></private><author><![CDATA[fran]]></author><slug><![CDATA[pagina-2]]></slug><filename><![CDATA[pagina-2.xml]]></filename></item><item><url>blog</url><pubDate><![CDATA[Wed, 23 May 2012 16:30:44 +0200]]></pubDate><title><![CDATA[Blog]]></title><url><![CDATA[blog]]></url><meta><![CDATA[]]></meta><metad><![CDATA[]]></metad><menu><![CDATA[Blog]]></menu><menuOrder><![CDATA[10]]></menuOrder><menuStatus><![CDATA[Y]]></menuStatus><template><![CDATA[template.php]]></template><parent><![CDATA[]]></parent><private><![CDATA[]]></private><author><![CDATA[fran]]></author><slug><![CDATA[blog]]></slug><filename><![CDATA[blog.xml]]></filename></item><item><url>index</url><pubDate><![CDATA[Wed, 23 May 2012 16:53:06 +0200]]></pubDate><title><![CDATA[Bienvenido a mi servidor]]></title><url><![CDATA[index]]></url><meta><![CDATA[fran]]></meta><metad><![CDATA[]]></metad><menu><![CDATA[Inicio]]></menu><menuOrder><![CDATA[1]]></menuOrder><menuStatus><![CDATA[Y]]></menuStatus><template><![CDATA[homePage.php]]></template><parent><![CDATA[]]></parent><private><![CDATA[]]></private><author><![CDATA[fran]]></author><slug><![CDATA[index]]></slug><filename><![CDATA[index.xml]]></filename></item><item><url>contacto</url><pubDate><![CDATA[Wed, 23 May 2012 15:34:57 +0200]]></pubDate><title><![CDATA[Contacto]]></title><url><![CDATA[contacto]]></url><meta><![CDATA[contacto]]></meta><metad><![CDATA[]]></metad><menu><![CDATA[Contacto]]></menu><menuOrder><![CDATA[3]]></menuOrder><menuStatus><![CDATA[Y]]></menuStatus><template><![CDATA[template.php]]></template><parent><![CDATA[]]></parent><private><![CDATA[]]></private><author><![CDATA[fran]]></author><slug><![CDATA[contacto]]></slug><filename><![CDATA[contacto.xml]]></filename></item><item><url>enlace-interno</url><pubDate><![CDATA[Wed, 16 May 2012 20:30:39 +0200]]></pubDate><title><![CDATA[Enlace interno]]></title><url><![CDATA[enlace-interno]]></url><meta><![CDATA[]]></meta><metad><![CDATA[]]></metad><menu><![CDATA[Enlace interno]]></menu><menuOrder><![CDATA[0]]></menuOrder><menuStatus><![CDATA[]]></menuStatus><template><![CDATA[template.php]]></template><parent><![CDATA[contacto]]></parent><private><![CDATA[]]></private><author><![CDATA[fran]]></author><slug><![CDATA[enlace-interno]]></slug><filename><![CDATA[enlace-interno.xml]]></filename></item></channel>
