<?xml version="1.0" encoding="UTF-8"?>
<channel><item><plugin><![CDATA[admin-header-footer.php]]></plugin><enabled><![CDATA[true]]></enabled></item><item><plugin><![CDATA[InnovationPlugin.php]]></plugin><enabled><![CDATA[false]]></enabled></item><item><plugin><![CDATA[blog.php]]></plugin><enabled><![CDATA[true]]></enabled></item><item><plugin><![CDATA[news_manager.php]]></plugin><enabled><![CDATA[true]]></enabled></item><item><plugin><![CDATA[anonymous_data.php]]></plugin><enabled><![CDATA[false]]></enabled></item><item><plugin><![CDATA[extend-download.php]]></plugin><enabled><![CDATA[true]]></enabled></item></channel>
